Rep_no,SSN,ISBN,Issue_date,Return_date,Due_Date
1,821000265,9780307950284,2022-11-11,NA,2022-11-30
2,486853974,9780195623598,2022-04-02,2022-04-06,NA
3,615067821,9781539685708,2022-06-22,2022-08-26,NA
4,612708987,9780023606823,2022-04-24,2022-04-29,NA
5,411510676,9781568984483,2022-05-01,2022-05-05,NA
6,500926408,9781781574553,2022-11-10,NA,2022-11-29
7,366681681,9783959721714,2022-10-04,2022-10-08,NA
8,221308554,9780385260954,2022-11-10,NA,2022-11-29
9,342902649,9783050042671,2022-10-13,2022-10-17,NA
10,414532918,9780316120913,2022-07-09,2022-07-14,NA
11,328336328,9788408131939,2022-11-08,2022-08-02,2022-11-27
12,655057666,9780307474278,2022-04-16,2022-04-20,NA
13,965462491,9780199232765,2022-01-30,2022-02-03,NA
14,891559364,9781530051120,2022-09-09,2022-09-14,NA
15,928914452,9783864907531,2022-11-09,NA,2022-11-28
16,821000265,9780545685344,2022-11-10,NA,2022-11-29
17,486853974,9783548746654,2022-11-08,NA,2022-11-27
18,615067821,9788417347000,2022-07-13,2022-10-15,NA
19,612708987,9788416517374,2022-01-01,2022-01-06,NA
20,411510676,9788445007006,2022-05-14,2022-05-20,NA
21,500926408,9788419172105,2022-01-21,2022-01-27,NA
22,366681681,2910025142747,2022-08-08,2022-08-13,NA
23,221308554,9788401027345,2022-10-27,2022-10-31,NA
24,342902649,9788418037757,2022-05-14,2022-05-14,NA
25,414532918,9788418037214,2022-06-08,2022-06-15,NA
26,328336328,9788418051197,2022-11-11,NA,2022-11-30
27,655057666,9788445009420,2022-06-17,2022-06-21,NA
28,965462491,9788445011041,2022-05-15,2022-05-20,NA
29,891559364,9788445011102,2022-10-03,2022-10-09,NA
30,928914452,9788466658911,2022-07-17,2022-07-21,NA
31,821000265,9788418451812,2022-08-24,2022-08-28,NA
32,486853974,9788418037290,2022-01-25,2022-01-30,NA
33,615067821,9788492628902,2022-11-10,NA,02/29/2023
34,612708987,9788494836695,2022-10-31,2022-11-05,NA
35,411510676,9788417517793,2022-06-06,2022-06-08,NA
36,500926408,9788417347932,2022-08-30,2022-09-04,NA
37,366681681,9788418668371,2022-09-05,2022-09-11,NA
38,221308554,9788498890532,2022-10-08,2022-10-15,NA
39,342902649,9788445011164,2022-10-16,2022-10-20,NA
40,414532918,9788445073810,2022-10-01,2022-10-04,NA
41,328336328,9788401346873,2022-06-17,2022-06-20,NA
42,655057666,9788418037276,2022-11-10,NA,2022-11-29
43,965462491,9788427049697,2022-05-13,2022-05-19,NA
44,891559364,9788445006092,2022-05-13,2022-05-17,NA
45,928914452,9788445007037,2022-01-18,2022-01-20,NA
46,821000265,9788445006498,2022-11-11,NA,2022-11-30
47,486853974,9788445005798,2022-05-03,2022-05-07,NA
48,615067821,9788498891355,2022-06-01,2022-09-04,NA
49,612708987,9788417347291,2022-07-01,2022-07-04,NA
50,411510676,9788494795848,2022-11-10,NA,2022-11-29
51,500926408,9788466662321,2022-08-15,2022-08-18,NA
52,366681681,9788411121477,2022-01-05,2022-01-07,NA
53,221308554,9788418227158,2022-09-07,2022-09-11,NA
54,342902649,9788416517817,2022-08-24,2022-08-28,NA
55,414532918,9788445012123,2022-03-19,2022-03-23,NA
56,328336328,9788498890433,2022-05-02,2022-05-07,NA
57,655057666,9788492492039,2022-11-09,NA,2022-11-28
58,965462491,9788427049895,2022-11-10,NA,2022-11-29
59,891559364,9788445011096,2022-11-08,NA,2022-11-27
60,928914452,9788419207470,2022-07-11,2022-07-17,NA
61,821000265,9783442744916,2022-08-12,2022-08-16,NA
62,486853974,9780143031031,2022-03-24,2022-03-27,NA
63,615067821,9783873481626,2022-01-28,2022-03-30,NA
64,612708987,9780130158857,2022-08-06,2022-08-10,NA
65,411510676,9781568989693,2022-11-10,NA,2022-11-29
66,500926408,9788360006634,2022-08-05,2022-08-08,NA
67,366681681,9780307391667,2022-08-25,2022-08-29,NA
68,221308554,9780385427128,2022-09-09,2022-09-13,NA
69,342902649,9783050064321,2022-07-29,2022-08-02,NA
70,414532918,9780316206648,2022-01-22,2022-01-27,NA
71,328336328,9788408170051,2022-05-26,2022-05-30,NA
72,655057666,9780385513227,2022-11-10,NA,2022-11-29
73,965462491,9780393966473,2022-01-16,2022-01-21,NA
74,891559364,9781530051981,2022-04-25,2022-04-27,NA
75,928914452,9783960889564,2022-07-12,2022-07-13,NA
76,821000265,9780545685368,2022-06-28,2022-06-30,NA
77,486853974,9788479539221,2022-08-12,2022-08-16,NA
78,615067821,9788445011157,2022-11-11,NA,02/30/2023
79,612708987,9788433998859,2022-06-08,2022-06-10,NA
80,411510676,9788494616044,2022-10-03,2022-10-07,NA
81,500926408,9788491292418,2022-05-19,2022-05-23,NA
82,366681681,9788466658850,2022-08-14,2022-08-19,NA
83,221308554,9788445003374,2022-07-02,2022-07-06,NA
84,342902649,9788466658928,2022-09-02,2022-09-05,NA
85,414532918,9788466658904,2022-11-10,NA,2022-11-29
86,328336328,9788417248826,2022-04-29,2022-05-01,NA
87,655057666,9788413416366,2022-09-12,2022-09-16,NA
88,965462491,9788445012215,2022-11-06,2022-11-09,NA
89,891559364,9788411158206,2022-11-11,NA,2022-11-30
90,928914452,9788418037542,2022-01-03,2022-01-07,NA
91,821000265,9788416517695,2022-02-01,2022-02-04,NA
92,486853974,9788491739050,2022-08-03,2022-08-07,NA
93,615067821,9788418037016,2022-03-17,2022-03-20,NA
94,612708987,9788445007099,2022-08-08,2022-08-11,NA
95,411510676,9788445009833,2022-02-08,2022-02-10,NA
96,500926408,9788418037108,2022-04-05,2022-04-09,NA
97,366681681,9788445007082,2022-04-27,2022-04-29,NA
98,221308554,9788494664762,2022-09-07,2022-09-11,NA
99,342902649,9788412419948,2022-11-11,NA,2022-11-30
100,414532918,9788491878346,2022-06-11,2022-06-16,NA
101,328336328,9788445011119,2022-03-14,2022-03-19,NA
102,655057666,9788445012482,2022-02-13,2022-02-16,NA
103,965462491,9788477029298,2022-11-09,NA,2022-11-28
104,891559364,9788412435344,2022-11-10,NA,2022-11-29
105,928914452,9788498890549,2022-11-08,NA,2022-11-27
106,821000265,9788498890570,2022-07-15,2022-07-20,NA
107,486853974,9788498890624,2022-07-08,2022-07-09,NA
108,615067821,9788401339639,2022-08-02,2022-08-06,NA
109,612708987,9788493506568,2022-05-31,2022-06-03,NA
110,411510676,9788496173668,2022-10-05,2022-10-11,NA
111,500926408,9788401337208,2022-07-18,2022-07-21,NA
112,366681681,9788496173484,2022-03-13,2022-03-16,NA
113,221308554,9788496173187,2022-01-16,2022-01-20,NA
114,342902649,9788418930478,2022-11-11,NA,2022-11-30
115,414532918,9788418897528,2022-06-13,2022-06-16,NA
116,328336328,9788445011072,2022-01-30,2022-02-02,NA
117,655057666,9788411289221,2022-05-26,2022-05-30,NA
118,965462491,9788418440380,2022-02-26,2022-03-01,NA
119,891559364,9788445011065,2022-07-05,2022-07-08,NA
120,928914452,9788477029328,2022-11-10,NA,2022-11-29
121,821000265,9781451648546,2022-08-16,2022-08-20,NA
122,486853974,9780195613223,2022-07-06,2022-07-09,NA
123,615067821,9788415292043,2022-05-10,2022-05-13,NA
124,612708987,9780131200555,2022-05-08,2022-05-12,NA
125,411510676,9788425224461,2022-01-29,2022-02-02,NA
126,500926408,9788415317760,2022-10-17,2022-10-21,NA
127,366681681,9780307392565,2022-10-28,2022-10-31,NA
128,221308554,9780385517256,2022-11-11,NA,2022-11-30
129,342902649,9783518064047,2022-11-02,2022-11-06,NA
130,414532918,9780316735506,2022-02-26,2022-03-02,NA
131,328336328,9781406332933,2022-05-12,2022-05-16,NA
132,655057666,9780552149518,2022-05-06,2022-05-08,NA
133,965462491,9788804638773,2022-04-04,2022-04-08,NA
134,891559364,9781530060921,2022-03-14,2022-03-19,NA
135,928914452,9783960889571,2022-10-24,2022-10-29,NA
136,821000265,9780606388153,2022-11-11,NA,2022-11-30
137,486853974,9781529902402,2022-03-15,2022-03-19,NA
138,615067821,9788417525033,2022-10-30,2022-11-03,NA
139,612708987,9788492915941,2022-01-19,2022-01-22,NA
140,411510676,9788417347277,2022-01-03,2022-01-05,NA
141,500926408,9788445073803,2022-09-10,2022-09-13,NA
142,366681681,9788418320071,2022-04-26,2022-04-29,NA
143,221308554,9788445009536,2022-09-01,2022-09-05,NA
144,342902649,9788448038229,2022-10-18,2022-10-21,NA
145,414532918,9788466657549,2022-01-23,2022-01-24,NA
146,328336328,9788494474262,2022-11-10,NA,2022-11-29
147,655057666,9788466659734,2022-10-13,2022-10-16,NA
148,965462491,9788408003953,2022-01-07,2022-01-08,NA
149,891559364,9788492492701,2022-04-04,2022-04-07,NA
150,928914452,9788493927455,2022-11-09,NA,2022-11-28
151,821000265,9788412299229,2022-11-10,NA,2022-11-29
152,486853974,9788418037238,2022-11-08,NA,2022-11-27
153,615067821,9788445011577,2022-05-28,2022-06-01,NA
154,612708987,9788416517602,2022-04-10,2022-04-15,NA
155,411510676,9788412382631,2022-04-24,2022-04-28,NA
156,500926408,9788445008027,2022-10-03,2022-10-08,NA
157,366681681,9788445008393,2022-06-11,2022-06-16,NA
158,221308554,2910024779746,2022-09-09,2022-09-13,NA
159,342902649,9788491296270,2022-09-03,2022-09-05,NA
160,414532918,9788418040016,2022-11-11,NA,2022-11-30
161,328336328,9788427049482,2022-03-23,2022-03-25,NA
162,655057666,9788491876939,2022-09-29,2022-09-20,NA
163,965462491,9788494957444,2022-03-08,2022-03-08,NA
164,891559364,9788498891157,2022-03-19,2022-03-19,NA
165,928914452,9788417477684,2022-04-22,2022-04-24,NA
166,821000265,9788401352331,2022-03-08,2022-03-09,NA
167,486853974,9788490563786,2022-04-20,2022-04-26,NA
168,615067821,9788494534867,2022-05-21,2022-05-25,NA
169,612708987,9788433998248,2022-02-25,2022-02-28,NA
170,411510676,9788460863939,2022-04-27,2022-04-29,NA
171,500926408,9788445007020,2022-09-04,2022-09-08,NA
172,366681681,9788408213789,2022-04-08,2022-04-12,NA
173,221308554,9788445006030,2022-06-01,2022-06-04,NA
174,342902649,9788416517244,2022-07-06,2022-07-08,NA
175,414532918,9788401024061,2022-09-18,2022-09-18,NA
176,328336328,9788401024290,2022-02-26,2022-02-28,NA
177,655057666,9788412059915,2022-11-07,2022-11-09,NA
178,965462491,9788491817345,2022-05-23,2022-05-27,NA
179,891559364,9788466664738,2022-11-08,NA,2022-11-27
180,928914452,9788413174280,2022-07-22,2022-07-25,NA
181,821000265,9787508630069,2022-01-28,2022-02-02,NA
182,486853974,9781508631576,2022-02-18,2022-02-21,NA
183,615067821,9783873481428,2022-02-13,2022-02-16,NA
184,612708987,9788126503643,2022-06-06,2022-06-08,NA
185,411510676,9788584521661,2022-01-15,2022-01-19,NA
186,500926408,9788416965328,2022-10-18,2022-10-21,NA
187,366681681,9780449203651,2022-01-14,2022-01-18,NA
188,221308554,9780712656870,2022-04-19,2022-04-23,NA
189,342902649,9788430933808,2022-03-15,2022-03-17,NA
190,414532918,9788484454816,2022-05-17,2022-05-19,NA
191,328336328,9781406366389,2022-04-06,2022-04-09,NA
192,655057666,9780552154017,2022-11-09,NA,2022-11-28
193,965462491,9788804682592,2022-11-10,NA,2022-11-29
194,891559364,9781530096415,2022-11-08,NA,2022-11-27
195,928914452,9781548987824,2022-04-09,2022-04-12,NA
196,821000265,9781338039238,2022-02-01,2022-02-04,NA
197,486853974,9786052361450,2022-04-16,2022-04-17,NA
198,615067821,9788417347628,2022-01-20,2022-01-23,NA
199,612708987,9788498891232,2022-04-27,2022-04-28,NA
200,411510676,9788445009772,2022-06-07,2022-06-08,NA
201,500926408,9788445009819,2022-04-13,2022-04-16,NA
202,366681681,9788418435577,2022-11-06,2022-11-07,NA
203,221308554,9788417834968,2022-11-08,NA,2022-11-27
204,342902649,9788416517411,2022-08-24,2022-08-28,NA
205,414532918,9788413620787,2022-04-15,2022-04-20,NA
206,328336328,9788418123115,2022-07-21,2022-07-25,NA
207,655057666,9788466347921,2022-07-01,2022-07-04,NA
208,965462491,9788491739074,2022-08-18,2022-08-21,NA
209,891559364,9788418260391,2022-05-31,2022-06-03,NA
210,928914452,9788418152078,2022-03-27,2022-03-30,NA
211,821000265,9788466662666,2022-03-21,2022-03-23,NA
212,486853974,9788498294163,2022-05-22,2022-05-24,NA
213,615067821,9788477028796,2022-11-07,2022-11-09,NA
214,612708987,9788499986258,2022-10-18,2022-10-20,NA
215,411510676,9788494823459,2022-06-09,2022-06-11,NA
216,500926408,9788415618836,2022-05-03,2022-05-04,NA
217,366681681,9788417103583,2022-09-25,2022-09-28,NA
218,221308554,9788498891270,2022-08-02,2022-08-06,NA
219,342902649,9788417834524,2022-01-09,2022-01-12,NA
220,414532918,9788491818038,2022-11-09,NA,2022-11-28
221,328336328,9788445008317,2022-11-10,NA,2022-11-29
222,655057666,9788445008263,2022-11-08,NA,2022-11-27
223,965462491,9788417125844,2022-07-20,2022-07-26,NA
224,891559364,9788445008225,2022-11-05,2022-11-08,NA
225,928914452,9788413411781,2022-03-30,2022-04-02,NA
226,821000265,9788494788079,2022-10-20,2022-10-24,NA
227,486853974,9788491468899,2022-08-22,2022-08-26,NA
228,615067821,9788445005507,2022-06-01,2022-06-07,NA
229,612708987,9788401022166,2022-11-08,NA,2022-11-27
230,411510676,9788417347208,2022-03-20,2022-03-23,NA
231,500926408,9788416224982,2022-08-22,2022-08-24,NA
232,366681681,9788415618690,2022-05-18,2022-05-21,NA
233,221308554,9788416665129,2022-01-14,2022-01-17,NA
234,342902649,9788415618683,2022-07-13,2022-07-13,NA
235,414532918,9788491046875,2022-04-01,2022-04-01,NA
236,328336328,9788466660884,2022-11-08,NA,2022-11-27
237,655057666,9788466659628,2022-04-21,2022-04-24,NA
238,965462491,9788416858217,2022-02-16,2022-02-18,NA
239,891559364,9788445008416,2022-09-29,2022-09-29,NA
240,928914452,9788419168023,2022-09-12,2022-09-12,NA
241,821000265,9788804680246,2022-08-11,2022-08-19,NA
242,486853974,9780210226292,2022-04-11,2022-04-13,NA
243,615067821,9780934676687,2022-04-04,2022-04-06,NA
244,612708987,9781482776034,2022-11-09,NA,2022-11-28
245,411510676,9781616890223,2022-11-10,NA,2022-11-29
246,500926408,9788480768436,2022-11-08,NA,2022-11-27
247,366681681,9780449214923,2022-09-12,2022-09-15,NA
248,221308554,9781905211203,2022-10-26,2022-10-29,NA
249,342902649,9788430954568,2022-07-11,2022-07-16,NA
,,,,,
,,,,,
,,,,,
,,,,,
,,,,,
,,,,,
,,,,,
,,,,,
,,,,,
,,,,,
,,,,,
,,,,,
,,,,,
,,,,,
,,,,,
,,,,,
,,,,,
,,,,,
,,,,,
,,,,,
,,,,,
,,,,,
,,,,,
,,,,,
,,,,,
,,,,,
,,,,,
,,,,,
,,,,,
,,,,,
,,,,,
,,,,,
,,,,,
,,,,,
,,,,,
,,,,,
,,,,,
,,,,,
,,,,,
,,,,,
,,,,,
,,,,,
,,,,,
,,,,,
,,,,,
,,,,,
,,,,,
,,,,,
,,,,,
,,,,,
,,,,,
